,trips,no_hh,no_mem,no_mem_educwork,avg_income,no_amty_sustenance,no_amty_education,no_amty_transport,no_amty_healthcare,no_amty_finance,no_amty_commerce,no_amty_entertainment,no_amty_other,lu_ind_commercial,lu_ind_parks,lu_ind_industrial,lu_ind_agriculture,lu_ind_residential,lu_ind_utilities,lu_ind_others
0,0.0,28160.0,111043.0,72622.0,24570.489769032287,32.0,27.0,14.0,15.0,12.0,1.0,1.0,29.0,28.901268323967965,8.1992603092805,20.403604899030896,0.0,34.66159731828986,0.0,0.0
1,0.0,18263.0,74065.0,47174.0,16576.022587665408,28.0,15.0,12.0,10.0,22.0,0.0,1.0,19.0,15.856180800748493,6.744175991860045,48.90005378967304,0.0,58.56801978956119,0.0,0.0
2,0.0,21254.0,84085.0,54006.0,21038.91815434558,1.0,17.0,6.0,6.0,1.0,0.0,0.0,11.0,3.1751577318100717,21.152320945510798,39.27744014840437,0.0,60.594075021563256,0.0,0.0
3,0.0,4420.0,19460.0,11785.0,16985.724868024132,0.0,1.0,1.0,2.0,0.0,0.0,0.0,1.0,0.0,0.0,7.300898784505961,0.0,8.19750660284213,0.0,0.0
4,0.0,8271.0,32378.0,20472.0,29038.001067988556,7.0,1.0,6.0,5.0,9.0,2.0,0.0,6.0,0.286849666830567,0.0,9.138148598554906,11.973810522758413,191.7521560086158,0.7163827022601749,0.0
5,0.0,10783.0,43479.0,27020.0,30548.047096849983,57.0,19.0,11.0,12.0,10.0,1.0,0.0,19.0,0.25169610236894063,3.985666858991352,72.94631897964742,0.0,419.6045894886074,0.0,0.0
6,0.0,4161.0,15980.0,9596.0,27276.909817351596,33.0,9.0,21.0,9.0,8.0,0.0,2.0,23.0,28.324229321973405,0.29735798396795077,0.3306273160068672,0.5381017645959877,120.6594953970795,0.0,0.0
7,0.0,25497.0,100346.0,62797.0,39221.54734543933,129.0,17.0,53.0,49.0,38.0,8.0,4.0,56.0,62.20982402007698,4.301106090754374,48.38050098581613,0.0,556.0370697218387,0.0,0.0
